Emoji,Country,Slack code
ğŸ‡¦ğŸ‡¨,Ascension Island,:flag-ai:
ğŸ‡¦ğŸ‡©,Andorra,:flag-ad:
ğŸ‡¦ğŸ‡ª,United Arab Emirates,:flag-ae:
ğŸ‡¦ğŸ‡«,Afghanistan,:flag-af:
ğŸ‡¦ğŸ‡¬,Antigua & Barbuda,:flag-ag:
ğŸ‡¦ğŸ‡®,Anguilla,:flag-ai:
ğŸ‡¦ğŸ‡±,Albania,:flag-al:
ğŸ‡¦ğŸ‡²,Armenia,:flag-am:
ğŸ‡¦ğŸ‡´,Angola,:flag-ao:
ğŸ‡¦ğŸ‡¶,Antarctica,:flag-aq:
ğŸ‡¦ğŸ‡·,Argentina,:flag-ar:
ğŸ‡¦ğŸ‡¸,American Samoa,:flag-as:
ğŸ‡¦ğŸ‡¹,Austria,:flag-at:
ğŸ‡¦ğŸ‡º,Australia,:flag-au:
ğŸ‡¦ğŸ‡¼,Aruba,:flag-aw:
ğŸ‡¦ğŸ‡½,Ã…land Islands,:flag-ax:
ğŸ‡¦ğŸ‡¿,Azerbaijan,:flag-az:
ğŸ‡§ğŸ‡¦,Bosnia & Herzegovina,:flag-ba:
ğŸ‡§ğŸ‡§,Barbados,:flag-bb:
ğŸ‡§ğŸ‡©,Bangladesh,:flag-bd:
ğŸ‡§ğŸ‡ª,Belgium,:flag-be:
ğŸ‡§ğŸ‡«,Burkina Faso,:flag-bf:
ğŸ‡§ğŸ‡¬,Bulgaria,:flag-bg:
ğŸ‡§ğŸ‡­,Bahrain,:flag-bh:
ğŸ‡§ğŸ‡®,Burundi,:flag-bi:
ğŸ‡§ğŸ‡¯,Benin,:flag-bj:
ğŸ‡§ğŸ‡±,St. BarthÃ©lemy,:flag-bl:
ğŸ‡§ğŸ‡²,Bermuda,:flag-bm:
ğŸ‡§ğŸ‡³,Brunei,:flag-bn:
ğŸ‡§ğŸ‡´,Bolivia,:flag-bo:
ğŸ‡§ğŸ‡¶,Caribbean Netherlands,:flag-bq:
ğŸ‡§ğŸ‡·,Brazil,:flag-br:
ğŸ‡§ğŸ‡¸,Bahamas,:flag-bs:
ğŸ‡§ğŸ‡¹,Bhutan,:flag-bt:
ğŸ‡§ğŸ‡»,Bouvet Island,:flag-bv:
ğŸ‡§ğŸ‡¼,Botswana,:flag-bw:
ğŸ‡§ğŸ‡¾,Belarus,:flag-by:
ğŸ‡§ğŸ‡¿,Belize,:flag-bz:
ğŸ‡¨ğŸ‡¦,Canada,:flag-ca:
ğŸ‡¨ğŸ‡¦,Canada,:ca:
ğŸ‡¨ğŸ‡¨,Cocos (Keeling) Islands,:flag-cc:
ğŸ‡¨ğŸ‡©,Congo - Kinshasa,:flag-cd:
ğŸ‡¨ğŸ‡«,Central African Republic,:flag-cf:
ğŸ‡¨ğŸ‡¬,Congo - Brazzaville,:flag-cg:
ğŸ‡¨ğŸ‡­,Switzerland,:flag-ch:
ğŸ‡¨ğŸ‡®,CÃ´te dâ€™Ivoire,:flag-ci:
ğŸ‡¨ğŸ‡°,Cook Islands,:flag-ck:
ğŸ‡¨ğŸ‡±,Chile,:flag-cl:
ğŸ‡¨ğŸ‡²,Cameroon,:flag-cm:
ğŸ‡¨ğŸ‡³,China,:flag-cn:
ğŸ‡¨ğŸ‡³,China,:cn:
ğŸ‡¨ğŸ‡´,Colombia,:flag-co:
ğŸ‡¨ğŸ‡µ,Clipperton Island,:flag-cp:
ğŸ‡¨ğŸ‡·,Costa Rica,:flag-cr:
ğŸ‡¨ğŸ‡º,Cuba,:flag-cu:
ğŸ‡¨ğŸ‡»,Cape Verde,:flag-cv:
ğŸ‡¨ğŸ‡¼,CuraÃ§ao,:flag-cw:
ğŸ‡¨ğŸ‡½,Christmas Island,:flag-cx:
ğŸ‡¨ğŸ‡¾,Cyprus,:flag-cy:
ğŸ‡¨ğŸ‡¿,Czechia,:flag-cz:
ğŸ‡©ğŸ‡ª,Germany,:flag-de:
ğŸ‡©ğŸ‡ª,Germany,:de:
ğŸ‡©ğŸ‡¬,Diego Garcia,:flag-dg:
ğŸ‡©ğŸ‡¯,Djibouti,:flag-dj:
ğŸ‡©ğŸ‡°,Denmark,:flag-dk:
ğŸ‡©ğŸ‡²,Dominica,:flag-dm:
ğŸ‡©ğŸ‡´,Dominican Republic,:flag-do:
ğŸ‡©ğŸ‡¿,Algeria,:flag-dz:
ğŸ‡ªğŸ‡¦,Ceuta & Melilla,:flag-ea:
ğŸ‡ªğŸ‡¨,Ecuador,:flag-ec:
ğŸ‡ªğŸ‡ª,Estonia,:flag-ee:
ğŸ‡ªğŸ‡¬,Egypt,:flag-eg:
ğŸ‡ªğŸ‡­,Western Sahara,:flag-eh:
ğŸ‡ªğŸ‡·,Eritrea,:flag-er:
ğŸ‡ªğŸ‡¸,Spain,:flag-es:
ğŸ‡ªğŸ‡¸,Spain,:es:
ğŸ‡ªğŸ‡¹,Ethiopia,:flag-et:
ğŸ‡ªğŸ‡º,European Union,:flag-eu:
ğŸ‡«ğŸ‡®,Finland,:flag-fi:
ğŸ‡«ğŸ‡¯,Fiji,:flag-fj:
ğŸ‡«ğŸ‡°,Falkland Islands,:flag-fk:
ğŸ‡«ğŸ‡²,Micronesia,:flag-fm:
ğŸ‡«ğŸ‡´,Faroe Islands,:flag-fo:
ğŸ‡«ğŸ‡·,France,:flag-fr:
ğŸ‡«ğŸ‡·,France,:fr:
ğŸ‡¬ğŸ‡¦,Gabon,:flag-ga:
ğŸ‡¬ğŸ‡§,United Kingdom,:flag-gb:
ğŸ‡¬ğŸ‡§,United Kingdom,:gb:
ğŸ‡¬ğŸ‡§,United Kingdom,:uk:
ğŸ‡¬ğŸ‡©,Grenada,:flag-gd:
ğŸ‡¬ğŸ‡ª,Georgia,:flag-ge:
ğŸ‡¬ğŸ‡«,French Guiana,:flag-gf:
ğŸ‡¬ğŸ‡¬,Guernsey,:flag-gg:
ğŸ‡¬ğŸ‡­,Ghana,:flag-gh:
ğŸ‡¬ğŸ‡®,Gibraltar,:flag-gi:
ğŸ‡¬ğŸ‡±,Greenland,:flag-gl:
ğŸ‡¬ğŸ‡²,Gambia,:flag-gm:
ğŸ‡¬ğŸ‡³,Guinea,:flag-gn:
ğŸ‡¬ğŸ‡µ,Guadeloupe,:flag-gp:
ğŸ‡¬ğŸ‡¶,Equatorial Guinea,:flag-gq:
ğŸ‡¬ğŸ‡·,Greece,:flag-gr:
ğŸ‡¬ğŸ‡¸,South Georgia & South Sandwich Islands,:flag-gs:
ğŸ‡¬ğŸ‡¹,Guatemala,:flag-gt:
ğŸ‡¬ğŸ‡º,Guam,:flag-gu:
ğŸ‡¬ğŸ‡¼,Guinea-Bissau,:flag-gw:
ğŸ‡¬ğŸ‡¾,Guyana,:flag-gy:
ğŸ‡­ğŸ‡°,Hong Kong SAR China,:flag-hk:
ğŸ‡­ğŸ‡²,Heard & McDonald Islands,:flag-hm:
ğŸ‡­ğŸ‡³,Honduras,:flag-hn:
ğŸ‡­ğŸ‡·,Croatia,:flag-hr:
ğŸ‡­ğŸ‡¹,Haiti,:flag-ht:
ğŸ‡­ğŸ‡º,Hungary,:flag-hu:
ğŸ‡®ğŸ‡¨,Canary Islands,:flag-ic:
ğŸ‡®ğŸ‡©,Indonesia,:flag-id:
ğŸ‡®ğŸ‡ª,Ireland,:flag-ie:
ğŸ‡®ğŸ‡±,Israel,:flag-il:
ğŸ‡®ğŸ‡²,Isle of Man,:flag-im:
ğŸ‡®ğŸ‡³,India,:flag-in:
ğŸ‡®ğŸ‡´,British Indian Ocean Territory,:flag-io:
ğŸ‡®ğŸ‡¶,Iraq,:flag-iq:
ğŸ‡®ğŸ‡·,Iran,:flag-ir:
ğŸ‡®ğŸ‡¸,Iceland,:flag-is:
ğŸ‡®ğŸ‡¹,Italy,:flag-it:
ğŸ‡®ğŸ‡¹,Italy,:it:
ğŸ‡¯ğŸ‡ª,Jersey,:flag-je:
ğŸ‡¯ğŸ‡²,Jamaica,:flag-jm:
ğŸ‡¯ğŸ‡´,Jordan,:flag-jo:
ğŸ‡¯ğŸ‡µ,Japan,:flag-jp:
ğŸ‡¯ğŸ‡µ,Japan,:jp:
ğŸ‡°ğŸ‡ª,Kenya,:flag-ke:
ğŸ‡°ğŸ‡¬,Kyrgyzstan,:flag-kg:
ğŸ‡°ğŸ‡­,Cambodia,:flag-kh:
ğŸ‡°ğŸ‡®,Kiribati,:flag-ki:
ğŸ‡°ğŸ‡²,Comoros,:flag-km:
ğŸ‡°ğŸ‡³,St. Kitts & Nevis,:flag-kn:
ğŸ‡°ğŸ‡µ,North Korea,:flag-kp:
ğŸ‡°ğŸ‡·,South Korea,:flag-kr:
ğŸ‡°ğŸ‡·,South Korea,:kr:
ğŸ‡°ğŸ‡¼,Kuwait,:flag-kw:
ğŸ‡°ğŸ‡¾,Cayman Islands,:flag-ky:
ğŸ‡°ğŸ‡¿,Kazakhstan,:flag-kz:
ğŸ‡±ğŸ‡¦,Laos,:flag-la:
ğŸ‡±ğŸ‡§,Lebanon,:flag-lb:
ğŸ‡±ğŸ‡¨,St. Lucia,:flag-lc:
ğŸ‡±ğŸ‡®,Liechtenstein,:flag-li:
ğŸ‡±ğŸ‡°,Sri Lanka,:flag-lk:
ğŸ‡±ğŸ‡·,Liberia,:flag-lr:
ğŸ‡±ğŸ‡¸,Lesotho,:flag-ls:
ğŸ‡±ğŸ‡¹,Lithuania,:flag-lt:
ğŸ‡±ğŸ‡º,Luxembourg,:flag-lu:
ğŸ‡±ğŸ‡»,Latvia,:flag-lv:
ğŸ‡±ğŸ‡¾,Libya,:flag-ly:
ğŸ‡²ğŸ‡¦,Morocco,:flag-ma:
ğŸ‡²ğŸ‡¨,Monaco,:flag-mc:
ğŸ‡²ğŸ‡©,Moldova,:flag-md:
ğŸ‡²ğŸ‡ª,Montenegro,:flag-me:
ğŸ‡²ğŸ‡«,St. Martin,:flag-mf:
ğŸ‡²ğŸ‡¬,Madagascar,:flag-mg:
ğŸ‡²ğŸ‡­,Marshall Islands,:flag-mh:
ğŸ‡²ğŸ‡°,Macedonia,:flag-mk:
ğŸ‡²ğŸ‡±,Mali,:flag-ml:
ğŸ‡²ğŸ‡²,Myanmar (Burma),:flag-mm:
ğŸ‡²ğŸ‡³,Mongolia,:flag-mn:
ğŸ‡²ğŸ‡´,Macau SAR China,:flag-mo:
ğŸ‡²ğŸ‡µ,Northern Mariana Islands,:flag-mp:
ğŸ‡²ğŸ‡¶,Martinique,:flag-mq:
ğŸ‡²ğŸ‡·,Mauritania,:flag-mr:
ğŸ‡²ğŸ‡¸,Montserrat,:flag-ms:
ğŸ‡²ğŸ‡¹,Malta,:flag-mt:
ğŸ‡²ğŸ‡º,Mauritius,:flag-mu:
ğŸ‡²ğŸ‡»,Maldives,:flag-mv:
ğŸ‡²ğŸ‡¼,Malawi,:flag-mw:
ğŸ‡²ğŸ‡½,Mexico,:flag-mx:
ğŸ‡²ğŸ‡¾,Malaysia,:flag-my:
ğŸ‡²ğŸ‡¿,Mozambique,:flag-mz:
ğŸ‡³ğŸ‡¦,Namibia,:flag-na:
ğŸ‡³ğŸ‡¨,New Caledonia,:flag-nc:
ğŸ‡³ğŸ‡ª,Niger,:flag-ne:
ğŸ‡³ğŸ‡«,Norfolk Island,:flag-nf:
ğŸ‡³ğŸ‡¬,Nigeria,:flag-ng:
ğŸ‡³ğŸ‡®,Nicaragua,:flag-ni:
ğŸ‡³ğŸ‡±,Netherlands,:flag-nl:
ğŸ‡³ğŸ‡´,Norway,:flag-no:
ğŸ‡³ğŸ‡µ,Nepal,:flag-np:
ğŸ‡³ğŸ‡·,Nauru,:flag-nr:
ğŸ‡³ğŸ‡º,Niue,:flag-nu:
ğŸ‡³ğŸ‡¿,New Zealand,:flag-nz:
ğŸ‡´ğŸ‡²,Oman,:flag-om:
ğŸ‡µğŸ‡¦,Panama,:flag-pa:
ğŸ‡µğŸ‡ª,Peru,:flag-pe:
ğŸ‡µğŸ‡«,French Polynesia,:flag-pf:
ğŸ‡µğŸ‡¬,Papua New Guinea,:flag-pg:
ğŸ‡µğŸ‡­,Philippines,:flag-ph:
ğŸ‡µğŸ‡°,Pakistan,:flag-pk:
ğŸ‡µğŸ‡±,Poland,:flag-pl:
ğŸ‡µğŸ‡²,St. Pierre & Miquelon,:flag-pm:
ğŸ‡µğŸ‡³,Pitcairn Islands,:flag-pn:
ğŸ‡µğŸ‡·,Puerto Rico,:flag-pr:
ğŸ‡µğŸ‡¸,Palestinian Territories,:flag-ps:
ğŸ‡µğŸ‡¹,Portugal,:flag-pt:
ğŸ‡µğŸ‡¼,Palau,:flag-pw:
ğŸ‡µğŸ‡¾,Paraguay,:flag-py:
ğŸ‡¶ğŸ‡¦,Qatar,:flag-qa:
ğŸ‡·ğŸ‡ª,RÃ©union,:flag-re:
ğŸ‡·ğŸ‡´,Romania,:flag-ro:
ğŸ‡·ğŸ‡¸,Serbia,:flag-rs:
ğŸ‡·ğŸ‡º,Russia,:flag-ru:
ğŸ‡·ğŸ‡º,Russia,:ru:
ğŸ‡·ğŸ‡¼,Rwanda,:flag-rw:
ğŸ‡¸ğŸ‡¦,Saudi Arabia,:flag-sa:
ğŸ‡¸ğŸ‡§,Solomon Islands,:flag-sb:
ğŸ‡¸ğŸ‡¨,Seychelles,:flag-sc:
ğŸ‡¸ğŸ‡©,Sudan,:flag-sd:
ğŸ‡¸ğŸ‡ª,Sweden,:flag-se:
ğŸ‡¸ğŸ‡¬,Singapore,:flag-sg:
ğŸ‡¸ğŸ‡­,St. Helena,:flag-sh:
ğŸ‡¸ğŸ‡®,Slovenia,:flag-si:
ğŸ‡¸ğŸ‡¯,Svalbard & Jan Mayen,:flag-sj:
ğŸ‡¸ğŸ‡°,Slovakia,:flag-sk:
ğŸ‡¸ğŸ‡±,Sierra Leone,:flag-sl:
ğŸ‡¸ğŸ‡²,San Marino,:flag-sm:
ğŸ‡¸ğŸ‡³,Senegal,:flag-sn:
ğŸ‡¸ğŸ‡´,Somalia,:flag-so:
ğŸ‡¸ğŸ‡·,Suriname,:flag-sr:
ğŸ‡¸ğŸ‡¸,South Sudan,:flag-ss:
ğŸ‡¸ğŸ‡¹,SÃ£o TomÃ© & PrÃ­ncipe,:flag-st:
ğŸ‡¸ğŸ‡»,El Salvador,:flag-sv:
ğŸ‡¸ğŸ‡½,Sint Maarten,:flag-sx:
ğŸ‡¸ğŸ‡¾,Syria,:flag-sy:
ğŸ‡¸ğŸ‡¿,Swaziland,:flag-sz:
ğŸ‡¹ğŸ‡¦,Tristan da Cunha,:flag-ta:
ğŸ‡¹ğŸ‡¨,Turks & Caicos Islands,:flag-tc:
ğŸ‡¹ğŸ‡©,Chad,:flag-td:
ğŸ‡¹ğŸ‡«,French Southern Territories,:flag-tf:
ğŸ‡¹ğŸ‡¬,Togo,:flag-tg:
ğŸ‡¹ğŸ‡­,Thailan,:flag-th:
ğŸ‡¹ğŸ‡¯,Tajikistan,:flag-tj:
ğŸ‡¹ğŸ‡°,Tokelau,:flag-tk:
ğŸ‡¹ğŸ‡±,Timor-Leste,:flag-tl:
ğŸ‡¹ğŸ‡²,Turkmenistan,:flag-tm:
ğŸ‡¹ğŸ‡³,Tunisia,:flag-tn:
ğŸ‡¹ğŸ‡´,Tonga,:flag-to:
ğŸ‡¹ğŸ‡·,Turkey,:flag-tr:
ğŸ‡¹ğŸ‡¹,Trinidad & Tobago,:flag-tt:
ğŸ‡¹ğŸ‡»,Tuvalu,:flag-tv:
ğŸ‡¹ğŸ‡¼,Taiwan,:flag-tw:
ğŸ‡¹ğŸ‡¿,Tanzania,:flag-tz:
ğŸ‡ºğŸ‡¦,Ukraine,:flag-ua:
ğŸ‡ºğŸ‡¬,Uganda,:flag-ug:
ğŸ‡ºğŸ‡²,U.S. Outlying Islands,:flag-um:
ğŸ‡ºğŸ‡³,United Nations,:flag-un:
ğŸ‡ºğŸ‡¸,United States,:flag-us:
ğŸ‡ºğŸ‡¸,United States,:us:
ğŸ‡ºğŸ‡¾,Uruguay,:flag-uy:
ğŸ‡ºğŸ‡¿,Uzbekistan,:flag-uz:
ğŸ‡»ğŸ‡¦,Vatican City,:flag-va:
ğŸ‡»ğŸ‡¨,St. Vincent & Grenadines,:flag-vc:
ğŸ‡»ğŸ‡ª,Venezuela,:flag-ve:
ğŸ‡»ğŸ‡¬,British Virgin Islands,:flag-vg:
ğŸ‡»ğŸ‡®,U.S. Virgin Islands,:flag-vi:
ğŸ‡»ğŸ‡³,Vietnam,:flag-vn:
ğŸ‡»ğŸ‡º,Vanuatu,:flag-vu:
ğŸ‡¼ğŸ‡«,Wallis & Futuna,:flag-wf:
ğŸ‡¼ğŸ‡¸,Samoa,:flag-ws:
ğŸ‡½ğŸ‡°,Kosovo,:flag-xk:
ğŸ‡¾ğŸ‡ª,Yemen,:flag-ye:
ğŸ‡¾ğŸ‡¹,Mayotte,:flag-yt:
ğŸ‡¿ğŸ‡¦,South Africa,:flag-za:
ğŸ‡¿ğŸ‡²,Zambia,:flag-zm:
ğŸ‡¿ğŸ‡¼,Zimbabwe,:flag-zw: